{
  "timestamp": "2026-04-01T19:14:36.204902",
  "model_path": "model/isolation_forest.joblib",
  "data_path": "data/rfff-dataset.csv",
  "dataset_stats": {
    "total_samples": 1048575,
    "normal_count": 698374,
    "abnormal_count": 350201,
    "normal_percentage": 66.6021982213957,
    "abnormal_percentage": 33.3978017786043
  },
  "confusion_matrix": {
    "true_negatives": 597877,
    "false_positives": 100497,
    "false_negatives": 157252,
    "true_positives": 192949
  },
  "metrics_class_1": {
    "precision": 0.6575281312405008,
    "recall": 0.5509664449844518,
    "f1_score": 0.5995491317445742
  },
  "auc_metrics": {
    "pr_auc": 0.601782329717321,
    "roc_auc": 0.7798651996602376
  },
  "threshold_analysis": {
    "optimal_threshold": 0.3,
    "optimal_f1_score": 0.6254456606378642,
    "optimal_precision": 0.560405462251392,
    "optimal_recall": 0.7075650840517302
  }
}